source,stream,rxMs,panoX,panoY,correctedPanoY,rawAzimuthDeg,relativeElevationDeg,absoluteElevationDeg,verticalAngularSizeDeg,panoramaAngularWidthDeg,model,fovDeg,principalYpx,focalYpx,axisPitchDeg,calibrationLevel
BW_20260723_163819_6585.jpg,BW,1784795900576,43257,1872.00000000,1872.00000000,237.61779785,1.17315441,,0.27399510,0.17028809,pinhole,26.88000000,2047.50000000,8570.06027914,,fov_only_model_estimate
BW_20260723_163820_6586.jpg,BW,1784795901158,40517,1765.00000000,1765.00000000,222.56652832,1.88799127,,0.14024407,0.13732910,pinhole,26.88000000,2047.50000000,8570.06027914,,fov_only_model_estimate
BW_20260723_163820_6586.jpg,BW,1784795901158,40952,2033.00000000,2033.00000000,224.95605469,0.09694074,,0.14039668,0.10986328,pinhole,26.88000000,2047.50000000,8570.06027914,,fov_only_model_estimate
BW_20260723_163829_6601.jpg,BW,1784795909816,43257,1872.00000000,1872.00000000,237.61779785,1.17315441,,0.26731295,0.17578125,pinhole,26.88000000,2047.50000000,8570.06027914,,fov_only_model_estimate
BW_20260723_163829_6602.jpg,BW,1784795910397,40519,1765.00000000,1765.00000000,222.57751465,1.88799127,,0.13356630,0.09887695,pinhole,26.88000000,2047.50000000,8570.06027914,,fov_only_model_estimate
BW_20260723_163829_6602.jpg,BW,1784795910397,40952,2110.00000000,2110.00000000,224.95605469,-0.41784102,,0.23398215,0.11535645,pinhole,26.88000000,2047.50000000,8570.06027914,,fov_only_model_estimate
BW_20260723_163838_6617.jpg,BW,1784795918623,43257,1872.00000000,1872.00000000,237.61779785,1.17315441,,0.26731295,0.17578125,pinhole,26.88000000,2047.50000000,8570.06027914,,fov_only_model_estimate
BW_20260723_163838_6618.jpg,BW,1784795919203,40518,1765.00000000,1765.00000000,222.57202148,1.88799127,,0.14692292,0.12634277,pinhole,26.88000000,2047.50000000,8570.06027914,,fov_only_model_estimate
BW_20260723_163838_6618.jpg,BW,1784795919203,40002,1445.00000000,1445.00000000,219.73754883,4.02144224,,0.23284207,0.13732910,pinhole,26.88000000,2047.50000000,8570.06027914,,fov_only_model_estimate
BW_20260723_163847_6633.jpg,BW,1784795927851,43259,1870.00000000,1870.00000000,237.62878418,1.18651989,,0.20048007,0.14831543,pinhole,26.88000000,2047.50000000,8570.06027914,,fov_only_model_estimate
BW_20260723_163848_6634.jpg,BW,1784795928432,40518,1765.00000000,1765.00000000,222.57202148,1.88799127,,0.14692292,0.13183594,pinhole,26.88000000,2047.50000000,8570.06027914,,fov_only_model_estimate
BW_20260723_163848_6634.jpg,BW,1784795928432,40952,2110.00000000,2110.00000000,224.95605469,-0.41784102,,0.23398215,0.11535645,pinhole,26.88000000,2047.50000000,8570.06027914,,fov_only_model_estimate
BW_20260723_163856_6649.jpg,BW,1784795937070,43257,1872.00000000,1872.00000000,237.61779785,1.17315441,,0.26731295,0.17028809,pinhole,26.88000000,2047.50000000,8570.06027914,,fov_only_model_estimate
BW_20260723_163857_6650.jpg,BW,1784795937647,40517,1765.00000000,1765.00000000,222.56652832,1.88799127,,0.14024515,0.13183594,pinhole,26.88000000,2047.50000000,8570.06027914,,fov_only_model_estimate
BW_20260723_163857_6650.jpg,BW,1784795937647,40952,2034.00000000,2034.00000000,224.95605469,0.09025519,,0.14039668,0.11535645,pinhole,26.88000000,2047.50000000,8570.06027914,,fov_only_model_estimate
BW_20260723_163906_6665.jpg,BW,1784795946293,43257,1872.00000000,1872.00000000,237.61779785,1.17315441,,0.26731295,0.17578125,pinhole,26.88000000,2047.50000000,8570.06027914,,fov_only_model_estimate
BW_20260723_163906_6666.jpg,BW,1784795946870,40518,1765.00000000,1765.00000000,222.57202148,1.88799127,,0.13356630,0.12634277,pinhole,26.88000000,2047.50000000,8570.06027914,,fov_only_model_estimate
BW_20260723_163906_6666.jpg,BW,1784795946870,40951,2110.00000000,2110.00000000,224.95056152,-0.41784102,,0.23398215,0.11535645,pinhole,26.88000000,2047.50000000,8570.06027914,,fov_only_model_estimate
BW_20260723_163915_6681.jpg,BW,1784795955517,43259,1870.00000000,1870.00000000,237.62878418,1.18651989,,0.19379694,0.15380859,pinhole,26.88000000,2047.50000000,8570.06027914,,fov_only_model_estimate
BW_20260723_163915_6682.jpg,BW,1784795956093,40518,1765.00000000,1765.00000000,222.57202148,1.88799127,,0.13356630,0.14282227,pinhole,26.88000000,2047.50000000,8570.06027914,,fov_only_model_estimate
BW_20260723_163915_6682.jpg,BW,1784795956093,40952,2034.00000000,2034.00000000,224.95605469,0.09025519,,0.14708225,0.11535645,pinhole,26.88000000,2047.50000000,8570.06027914,,fov_only_model_estimate
BW_20260723_163924_6697.jpg,BW,1784795964740,43257,1872.00000000,1872.00000000,237.61779785,1.17315441,,0.26731295,0.17578125,pinhole,26.88000000,2047.50000000,8570.06027914,,fov_only_model_estimate
BW_20260723_163925_6698.jpg,BW,1784795965315,40518,1765.00000000,1765.00000000,222.57202148,1.88799127,,0.14024515,0.13183594,pinhole,26.88000000,2047.50000000,8570.06027914,,fov_only_model_estimate
BW_20260723_163925_6698.jpg,BW,1784795965315,40952,2034.00000000,2034.00000000,224.95605469,0.09025519,,0.14708225,0.11535645,pinhole,26.88000000,2047.50000000,8570.06027914,,fov_only_model_estimate
BW_20260723_163933_6713.jpg,BW,1784795973961,43257,1872.00000000,1872.00000000,237.61779785,1.17315441,,0.26731295,0.17578125,pinhole,26.88000000,2047.50000000,8570.06027914,,fov_only_model_estimate
BW_20260723_163934_6714.jpg,BW,1784795974539,40518,1766.00000000,1766.00000000,222.57202148,1.88131292,,0.14024515,0.13732910,pinhole,26.88000000,2047.50000000,8570.06027914,,fov_only_model_estimate
BW_20260723_163934_6714.jpg,BW,1784795974539,40952,2110.00000000,2110.00000000,224.95605469,-0.41784102,,0.23398215,0.11535645,pinhole,26.88000000,2047.50000000,8570.06027914,,fov_only_model_estimate
BW_20260723_163942_6729.jpg,BW,1784795983185,43257,1872.00000000,1872.00000000,237.61779785,1.17315441,,0.26731295,0.17028809,pinhole,26.88000000,2047.50000000,8570.06027914,,fov_only_model_estimate
BW_20260723_163943_6730.jpg,BW,1784795983762,40517,1766.00000000,1766.00000000,222.56652832,1.88131292,,0.13356630,0.13732910,pinhole,26.88000000,2047.50000000,8570.06027914,,fov_only_model_estimate
BW_20260723_163943_6730.jpg,BW,1784795983762,40952,2110.00000000,2110.00000000,224.95605469,-0.41784102,,0.23398215,0.11535645,pinhole,26.88000000,2047.50000000,8570.06027914,,fov_only_model_estimate
BW_20260723_163952_6745.jpg,BW,1784795992406,43257,1872.00000000,1872.00000000,237.61779785,1.17315441,,0.26731295,0.17028809,pinhole,26.88000000,2047.50000000,8570.06027914,,fov_only_model_estimate
BW_20260723_163952_6746.jpg,BW,1784795992985,40518,1765.00000000,1765.00000000,222.57202148,1.88799127,,0.14024515,0.13183594,pinhole,26.88000000,2047.50000000,8570.06027914,,fov_only_model_estimate
BW_20260723_163952_6746.jpg,BW,1784795992985,40952,2110.00000000,2110.00000000,224.95605469,-0.41784102,,0.23398215,0.11535645,pinhole,26.88000000,2047.50000000,8570.06027914,,fov_only_model_estimate
BW_20260723_164001_6761.jpg,BW,1784796001633,43257,1872.00000000,1872.00000000,237.61779785,1.17315441,,0.27399510,0.17578125,pinhole,26.88000000,2047.50000000,8570.06027914,,fov_only_model_estimate
BW_20260723_164001_6762.jpg,BW,1784796002209,40519,1765.00000000,1765.00000000,222.57751465,1.88799127,,0.13356630,0.10986328,pinhole,26.88000000,2047.50000000,8570.06027914,,fov_only_model_estimate
BW_20260723_164001_6762.jpg,BW,1784796002209,40952,2034.00000000,2034.00000000,224.95605469,0.09025519,,0.14039668,0.10986328,pinhole,26.88000000,2047.50000000,8570.06027914,,fov_only_model_estimate
BW_20260723_164010_6777.jpg,BW,1784796010852,43257,1872.00000000,1872.00000000,237.61779785,1.17315441,,0.26731295,0.17578125,pinhole,26.88000000,2047.50000000,8570.06027914,,fov_only_model_estimate
BW_20260723_164011_6778.jpg,BW,1784796011432,40517,1766.00000000,1766.00000000,222.56652832,1.88131292,,0.14024515,0.13732910,pinhole,26.88000000,2047.50000000,8570.06027914,,fov_only_model_estimate
BW_20260723_164011_6778.jpg,BW,1784796011432,40952,2110.00000000,2110.00000000,224.95605469,-0.41784102,,0.23398215,0.11535645,pinhole,26.88000000,2047.50000000,8570.06027914,,fov_only_model_estimate
BW_20260723_164019_6793.jpg,BW,1784796020081,43257,1872.00000000,1872.00000000,237.61779785,1.17315441,,0.26731295,0.17578125,pinhole,26.88000000,2047.50000000,8570.06027914,,fov_only_model_estimate
BW_20260723_164020_6794.jpg,BW,1784796020653,40518,1766.00000000,1766.00000000,222.57202148,1.88131292,,0.14024515,0.13183594,pinhole,26.88000000,2047.50000000,8570.06027914,,fov_only_model_estimate
BW_20260723_164020_6794.jpg,BW,1784796020653,40254,1740.00000000,1740.00000000,221.12182617,2.05493271,,0.14021590,0.14282227,pinhole,26.88000000,2047.50000000,8570.06027914,,fov_only_model_estimate
BW_20260723_164029_6809.jpg,BW,1784796029268,43257,1872.00000000,1872.00000000,237.61779785,1.17315441,,0.26731295,0.17028809,pinhole,26.88000000,2047.50000000,8570.06027914,,fov_only_model_estimate
BW_20260723_164029_6810.jpg,BW,1784796029846,40519,1765.00000000,1765.00000000,222.57751465,1.88799127,,0.14024407,0.09887695,pinhole,26.88000000,2047.50000000,8570.06027914,,fov_only_model_estimate
BW_20260723_164029_6810.jpg,BW,1784796029846,40951,2110.00000000,2110.00000000,224.95056152,-0.41784102,,0.23398215,0.11535645,pinhole,26.88000000,2047.50000000,8570.06027914,,fov_only_model_estimate
BW_20260723_164038_6825.jpg,BW,1784796038506,43257,1873.00000000,1873.00000000,237.61779785,1.16647163,,0.26731295,0.17028809,pinhole,26.88000000,2047.50000000,8570.06027914,,fov_only_model_estimate
BW_20260723_164038_6826.jpg,BW,1784796039054,40518,1766.00000000,1766.00000000,222.57202148,1.88131292,,0.14024515,0.13183594,pinhole,26.88000000,2047.50000000,8570.06027914,,fov_only_model_estimate
BW_20260723_164038_6826.jpg,BW,1784796039054,40952,2111.00000000,2111.00000000,224.95605469,-0.42452623,,0.22729677,0.11535645,pinhole,26.88000000,2047.50000000,8570.06027914,,fov_only_model_estimate
BW_20260723_164047_6841.jpg,BW,1784796047694,43257,1872.00000000,1872.00000000,237.61779785,1.17315441,,0.26731295,0.17578125,pinhole,26.88000000,2047.50000000,8570.06027914,,fov_only_model_estimate
BW_20260723_164048_6842.jpg,BW,1784796048271,40517,1766.00000000,1766.00000000,222.56652832,1.88131292,,0.14024515,0.13732910,pinhole,26.88000000,2047.50000000,8570.06027914,,fov_only_model_estimate
BW_20260723_164048_6842.jpg,BW,1784796048271,40952,2110.00000000,2110.00000000,224.95605469,-0.41784102,,0.23398215,0.11535645,pinhole,26.88000000,2047.50000000,8570.06027914,,fov_only_model_estimate
BW_20260723_164056_6857.jpg,BW,1784796056920,43257,1872.00000000,1872.00000000,237.61779785,1.17315441,,0.26731295,0.17578125,pinhole,26.88000000,2047.50000000,8570.06027914,,fov_only_model_estimate
BW_20260723_164057_6858.jpg,BW,1784796057500,40517,1765.00000000,1765.00000000,222.56652832,1.88799127,,0.14024515,0.14282227,pinhole,26.88000000,2047.50000000,8570.06027914,,fov_only_model_estimate
BW_20260723_164057_6858.jpg,BW,1784796057500,40951,2110.00000000,2110.00000000,224.95056152,-0.41784102,,0.22729716,0.11535645,pinhole,26.88000000,2047.50000000,8570.06027914,,fov_only_model_estimate
BW_20260723_164105_6873.jpg,BW,1784796066156,43257,1872.00000000,1872.00000000,237.61779785,1.17315441,,0.26731295,0.17578125,pinhole,26.88000000,2047.50000000,8570.06027914,,fov_only_model_estimate
BW_20260723_164106_6874.jpg,BW,1784796066732,40518,1766.00000000,1766.00000000,222.57202148,1.88131292,,0.14024407,0.13183594,pinhole,26.88000000,2047.50000000,8570.06027914,,fov_only_model_estimate
BW_20260723_164106_6874.jpg,BW,1784796066732,40254,1740.00000000,1740.00000000,221.12182617,2.05493271,,0.13353951,0.14282227,pinhole,26.88000000,2047.50000000,8570.06027914,,fov_only_model_estimate
BW_20260723_164115_6889.jpg,BW,1784796075385,43259,1870.00000000,1870.00000000,237.62878418,1.18651989,,0.22721287,0.14831543,pinhole,26.88000000,2047.50000000,8570.06027914,,fov_only_model_estimate
BW_20260723_164115_6890.jpg,BW,1784796075962,40518,1765.00000000,1765.00000000,222.57202148,1.88799127,,0.14024407,0.13183594,pinhole,26.88000000,2047.50000000,8570.06027914,,fov_only_model_estimate
BW_20260723_164115_6889.jpg,BW,1784796075385,41663,2767.00000000,2767.00000000,228.86169434,-4.79901701,,0.12613312,0.07690430,pinhole,26.88000000,2047.50000000,8570.06027914,,fov_only_model_estimate
BW_20260723_164133_6921.jpg,BW,1784796093837,43258,1870.00000000,1870.00000000,237.62329102,1.18651989,,0.20716323,0.15380859,pinhole,26.88000000,2047.50000000,8570.06027914,,fov_only_model_estimate
BW_20260723_164124_6905.jpg,BW,1784796084613,42495,930.00000000,930.00000000,233.43200684,7.42921267,,0.09860550,0.15380859,pinhole,26.88000000,2047.50000000,8570.06027914,,fov_only_model_estimate
BW_20260723_164134_6922.jpg,BW,1784796094414,40517,1765.00000000,1765.00000000,222.56652832,1.88799127,,0.14024407,0.13732910,pinhole,26.88000000,2047.50000000,8570.06027914,,fov_only_model_estimate
BW_20260723_164142_6937.jpg,BW,1784796103062,43260,1869.00000000,1869.00000000,237.63427734,1.19320259,,0.20047811,0.14831543,pinhole,26.88000000,2047.50000000,8570.06027914,,fov_only_model_estimate
BW_20260723_164142_6937.jpg,BW,1784796103062,42362,1102.00000000,1102.00000000,232.70141602,6.29574985,,0.11228656,0.24169922,pinhole,26.88000000,2047.50000000,8570.06027914,,fov_only_model_estimate
BW_20260723_164143_6938.jpg,BW,1784796103638,40951,2110.00000000,2110.00000000,224.95056152,-0.41784102,,0.22729677,0.11535645,pinhole,26.88000000,2047.50000000,8570.06027914,,fov_only_model_estimate
BW_20260723_164152_6953.jpg,BW,1784796112284,43259,1872.00000000,1872.00000000,237.62878418,1.17315441,,0.29404552,0.17578125,pinhole,26.88000000,2047.50000000,8570.06027914,,fov_only_model_estimate
BW_20260723_164152_6953.jpg,BW,1784796112284,42352,1105.00000000,1105.00000000,232.64648438,6.27593356,,0.11229512,0.24719238,pinhole,26.88000000,2047.50000000,8570.06027914,,fov_only_model_estimate
BW_20260723_164152_6954.jpg,BW,1784796112860,40519,1766.00000000,1766.00000000,222.57751465,1.88131292,,0.14024515,0.13732910,pinhole,26.88000000,2047.50000000,8570.06027914,,fov_only_model_estimate
BW_20260723_164201_6969.jpg,BW,1784796121510,43256,1874.00000000,1874.00000000,237.61230469,1.15978881,,0.19380701,0.14831543,pinhole,26.88000000,2047.50000000,8570.06027914,,fov_only_model_estimate
BW_20260723_164201_6969.jpg,BW,1784796121510,42356,1103.00000000,1103.00000000,232.66845703,6.28914458,,0.11228942,0.24169922,pinhole,26.88000000,2047.50000000,8570.06027914,,fov_only_model_estimate
BW_20260723_164157_6962.jpg,BW,1784796117464,6104,1915.00000000,1915.00000000,33.53027344,0.88576810,,0.04678792,0.07141113,pinhole,26.88000000,2047.50000000,8570.06027914,,fov_only_model_estimate
BW_20260723_164210_6985.jpg,BW,1784796130732,43258,1870.00000000,1870.00000000,237.62329102,1.18651989,,0.20716323,0.15380859,pinhole,26.88000000,2047.50000000,8570.06027914,,fov_only_model_estimate
BW_20260723_164210_6985.jpg,BW,1784796130732,42345,1101.00000000,1101.00000000,232.60803223,6.30235494,,0.11228370,0.24719238,pinhole,26.88000000,2047.50000000,8570.06027914,,fov_only_model_estimate
BW_20260723_164211_6986.jpg,BW,1784796131307,40951,2111.00000000,2111.00000000,224.95056152,-0.42452623,,0.23398175,0.11535645,pinhole,26.88000000,2047.50000000,8570.06027914,,fov_only_model_estimate
BW_20260723_164219_7001.jpg,BW,1784796139954,43256,1873.00000000,1873.00000000,237.61230469,1.16647163,,0.12029157,0.12634277,pinhole,26.88000000,2047.50000000,8570.06027914,,fov_only_model_estimate
BW_20260723_164219_7001.jpg,BW,1784796139954,42348,1097.00000000,1097.00000000,232.62451172,6.32877363,,0.11227224,0.25817871,pinhole,26.88000000,2047.50000000,8570.06027914,,fov_only_model_estimate
BW_20260723_164220_7002.jpg,BW,1784796140531,40518,1765.00000000,1765.00000000,222.57202148,1.88799127,,0.14692292,0.13732910,pinhole,26.88000000,2047.50000000,8570.06027914,,fov_only_model_estimate
BW_20260723_164228_7017.jpg,BW,1784796149177,43259,1870.00000000,1870.00000000,237.62878418,1.18651989,,0.20048007,0.15930176,pinhole,26.88000000,2047.50000000,8570.06027914,,fov_only_model_estimate
BW_20260723_164228_7017.jpg,BW,1784796149177,42359,1093.00000000,1093.00000000,232.68493652,6.35518962,,0.11226072,0.24719238,pinhole,26.88000000,2047.50000000,8570.06027914,,fov_only_model_estimate
BW_20260723_164229_7018.jpg,BW,1784796149753,40519,1766.00000000,1766.00000000,222.57751465,1.88131292,,0.14692292,0.13183594,pinhole,26.88000000,2047.50000000,8570.06027914,,fov_only_model_estimate
BW_20260723_164238_7033.jpg,BW,1784796158399,43257,1872.00000000,1872.00000000,237.61779785,1.17315441,,0.26731295,0.16479492,pinhole,26.88000000,2047.50000000,8570.06027914,,fov_only_model_estimate
BW_20260723_164238_7034.jpg,BW,1784796158975,40518,1765.00000000,1765.00000000,222.57202148,1.88799127,,0.14024407,0.14282227,pinhole,26.88000000,2047.50000000,8570.06027914,,fov_only_model_estimate
BW_20260723_164238_7034.jpg,BW,1784796158975,40951,2111.00000000,2111.00000000,224.95056152,-0.42452623,,0.23398215,0.11535645,pinhole,26.88000000,2047.50000000,8570.06027914,,fov_only_model_estimate
BW_20260723_164247_7049.jpg,BW,1784796167622,43260,1869.00000000,1869.00000000,237.63427734,1.19320259,,0.20716222,0.14831543,pinhole,26.88000000,2047.50000000,8570.06027914,,fov_only_model_estimate
BW_20260723_164247_7050.jpg,BW,1784796168203,40518,1766.00000000,1766.00000000,222.57202148,1.88131292,,0.14024515,0.14282227,pinhole,26.88000000,2047.50000000,8570.06027914,,fov_only_model_estimate
BW_20260723_164247_7049.jpg,BW,1784796167622,41092,2219.00000000,2219.00000000,225.72509766,-1.14642307,,0.22053174,0.16479492,pinhole,26.88000000,2047.50000000,8570.06027914,,fov_only_model_estimate
BW_20260723_164256_7065.jpg,BW,1784796176846,43257,1872.00000000,1872.00000000,237.61779785,1.17315441,,0.12029157,0.12634277,pinhole,26.88000000,2047.50000000,8570.06027914,,fov_only_model_estimate
BW_20260723_164257_7066.jpg,BW,1784796177423,40518,1765.00000000,1765.00000000,222.57202148,1.88799127,,0.14024407,0.14282227,pinhole,26.88000000,2047.50000000,8570.06027914,,fov_only_model_estimate
BW_20260723_164257_7066.jpg,BW,1784796177423,40254,1740.00000000,1740.00000000,221.12182617,2.05493271,,0.12686307,0.14282227,pinhole,26.88000000,2047.50000000,8570.06027914,,fov_only_model_estimate
BW_20260723_164305_7081.jpg,BW,1784796186067,43255,1875.00000000,1875.00000000,237.60681152,1.15310595,,0.18712445,0.14831543,pinhole,26.88000000,2047.50000000,8570.06027914,,fov_only_model_estimate
BW_20260723_164306_7082.jpg,BW,1784796186645,40254,1740.00000000,1740.00000000,221.12182617,2.05493271,,0.13353951,0.14282227,pinhole,26.88000000,2047.50000000,8570.06027914,,fov_only_model_estimate
BW_20260723_164305_7081.jpg,BW,1784796186067,41738,2873.00000000,2873.00000000,229.27368164,-5.50196772,,0.19210129,0.12084961,pinhole,26.88000000,2047.50000000,8570.06027914,,fov_only_model_estimate
BW_20260723_164314_7097.jpg,BW,1784796195264,43259,1870.00000000,1870.00000000,237.62878418,1.18651989,,0.20048007,0.14831543,pinhole,26.88000000,2047.50000000,8570.06027914,,fov_only_model_estimate
BW_20260723_164315_7098.jpg,BW,1784796195827,40518,1766.00000000,1766.00000000,222.57202148,1.88131292,,0.14692292,0.13732910,pinhole,26.88000000,2047.50000000,8570.06027914,,fov_only_model_estimate
BW_20260723_164314_7097.jpg,BW,1784796195264,41738,2872.00000000,2872.00000000,229.27368164,-5.49534353,,0.17885692,0.12084961,pinhole,26.88000000,2047.50000000,8570.06027914,,fov_only_model_estimate
BW_20260723_164324_7113.jpg,BW,1784796204375,43256,1874.00000000,1874.00000000,237.61230469,1.15978881,,0.20717203,0.15380859,pinhole,26.88000000,2047.50000000,8570.06027914,,fov_only_model_estimate
BW_20260723_164324_7113.jpg,BW,1784796204375,43005,438.00000000,438.00000000,236.23352051,10.63653496,,0.16792409,0.15930176,pinhole,26.88000000,2047.50000000,8570.06027914,,fov_only_model_estimate
BW_20260723_164324_7114.jpg,BW,1784796204948,40518,1765.00000000,1765.00000000,222.57202148,1.88799127,,0.14024407,0.13732910,pinhole,26.88000000,2047.50000000,8570.06027914,,fov_only_model_estimate
BW_20260723_164333_7129.jpg,BW,1784796213560,43257,1872.00000000,1872.00000000,237.61779785,1.17315441,,0.13365602,0.13732910,pinhole,26.88000000,2047.50000000,8570.06027914,,fov_only_model_estimate
BW_20260723_164333_7130.jpg,BW,1784796214135,40518,1765.00000000,1765.00000000,222.57202148,1.88799127,,0.14692292,0.13183594,pinhole,26.88000000,2047.50000000,8570.06027914,,fov_only_model_estimate
BW_20260723_164333_7130.jpg,BW,1784796214135,40951,2110.00000000,2110.00000000,224.95056152,-0.41784102,,0.22729677,0.11535645,pinhole,26.88000000,2047.50000000,8570.06027914,,fov_only_model_estimate
BW_20260723_164342_7145.jpg,BW,1784796222764,43256,1873.00000000,1873.00000000,237.61230469,1.16647163,,0.12029157,0.12634277,pinhole,26.88000000,2047.50000000,8570.06027914,,fov_only_model_estimate
BW_20260723_164343_7146.jpg,BW,1784796223340,40519,1766.00000000,1766.00000000,222.57751465,1.88131292,,0.14024407,0.09338379,pinhole,26.88000000,2047.50000000,8570.06027914,,fov_only_model_estimate
BW_20260723_164343_7146.jpg,BW,1784796223340,40253,1740.00000000,1740.00000000,221.11633301,2.05493271,,0.12686307,0.14282227,pinhole,26.88000000,2047.50000000,8570.06027914,,fov_only_model_estimate
BW_20260723_164351_7161.jpg,BW,1784796232072,43257,1872.00000000,1872.00000000,237.61779785,1.17315441,,0.26731295,0.17028809,pinhole,26.88000000,2047.50000000,8570.06027914,,fov_only_model_estimate
BW_20260723_164352_7162.jpg,BW,1784796232656,40519,1765.00000000,1765.00000000,222.57751465,1.88799127,,0.14024407,0.10986328,pinhole,26.88000000,2047.50000000,8570.06027914,,fov_only_model_estimate
BW_20260723_164352_7162.jpg,BW,1784796232656,40253,1739.00000000,1739.00000000,221.11633301,2.06160966,,0.14021590,0.14282227,pinhole,26.88000000,2047.50000000,8570.06027914,,fov_only_model_estimate
BW_20260723_164401_7177.jpg,BW,1784796241366,43255,1875.00000000,1875.00000000,237.60681152,1.15310595,,0.18712445,0.14831543,pinhole,26.88000000,2047.50000000,8570.06027914,,fov_only_model_estimate
BW_20260723_164401_7178.jpg,BW,1784796241943,40518,1766.00000000,1766.00000000,222.57202148,1.88131292,,0.14692292,0.13183594,pinhole,26.88000000,2047.50000000,8570.06027914,,fov_only_model_estimate
BW_20260723_164401_7178.jpg,BW,1784796241943,40254,1740.00000000,1740.00000000,221.12182617,2.05493271,,0.14021590,0.14282227,pinhole,26.88000000,2047.50000000,8570.06027914,,fov_only_model_estimate
BW_20260723_164410_7193.jpg,BW,1784796250605,43257,1872.00000000,1872.00000000,237.61779785,1.17315441,,0.26731295,0.17578125,pinhole,26.88000000,2047.50000000,8570.06027914,,fov_only_model_estimate
BW_20260723_164410_7194.jpg,BW,1784796251182,40517,1765.00000000,1765.00000000,222.56652832,1.88799127,,0.14692292,0.14831543,pinhole,26.88000000,2047.50000000,8570.06027914,,fov_only_model_estimate
BW_20260723_164410_7193.jpg,BW,1784796250605,41091,2215.00000000,2215.00000000,225.71960449,-1.11969123,,0.26731546,0.16479492,pinhole,26.88000000,2047.50000000,8570.06027914,,fov_only_model_estimate
BW_20260723_164419_7209.jpg,BW,1784796259835,43257,1872.00000000,1872.00000000,237.61779785,1.17315441,,0.26731295,0.17028809,pinhole,26.88000000,2047.50000000,8570.06027914,,fov_only_model_estimate
BW_20260723_164420_7210.jpg,BW,1784796260408,40518,1765.00000000,1765.00000000,222.57202148,1.88799127,,0.14692292,0.13183594,pinhole,26.88000000,2047.50000000,8570.06027914,,fov_only_model_estimate
BW_20260723_164420_7210.jpg,BW,1784796260408,40256,1719.00000000,1719.00000000,221.13281250,2.19513667,,0.18692129,0.18127441,pinhole,26.88000000,2047.50000000,8570.06027914,,fov_only_model_estimate
BW_20260723_164428_7225.jpg,BW,1784796268978,43257,1872.00000000,1872.00000000,237.61779785,1.17315441,,0.26731295,0.17028809,pinhole,26.88000000,2047.50000000,8570.06027914,,fov_only_model_estimate
BW_20260723_164429_7226.jpg,BW,1784796269552,40518,1766.00000000,1766.00000000,222.57202148,1.88131292,,0.14692292,0.13183594,pinhole,26.88000000,2047.50000000,8570.06027914,,fov_only_model_estimate
BW_20260723_164429_7226.jpg,BW,1784796269552,40951,2035.00000000,2035.00000000,224.95056152,0.08356963,,0.14708225,0.11535645,pinhole,26.88000000,2047.50000000,8570.06027914,,fov_only_model_estimate
BW_20260723_164437_7241.jpg,BW,1784796278170,43259,1870.00000000,1870.00000000,237.62878418,1.18651989,,0.20048007,0.14831543,pinhole,26.88000000,2047.50000000,8570.06027914,,fov_only_model_estimate
BW_20260723_164438_7242.jpg,BW,1784796278746,40518,1766.00000000,1766.00000000,222.57202148,1.88131292,,0.14692292,0.13732910,pinhole,26.88000000,2047.50000000,8570.06027914,,fov_only_model_estimate
BW_20260723_164437_7241.jpg,BW,1784796278170,41328,2670.00000000,2670.00000000,227.02148438,-4.15447416,,0.13300518,0.25268555,pinhole,26.88000000,2047.50000000,8570.06027914,,fov_only_model_estimate
BW_20260723_164447_7257.jpg,BW,1784796287378,43256,1874.00000000,1874.00000000,237.61230469,1.15978881,,0.19380701,0.14831543,pinhole,26.88000000,2047.50000000,8570.06027914,,fov_only_model_estimate
BW_20260723_164447_7258.jpg,BW,1784796287954,40518,1766.00000000,1766.00000000,222.57202148,1.88131292,,0.14024407,0.13732910,pinhole,26.88000000,2047.50000000,8570.06027914,,fov_only_model_estimate
BW_20260723_164447_7258.jpg,BW,1784796287954,40951,2112.00000000,2112.00000000,224.95056152,-0.43121144,,0.32088504,0.11535645,pinhole,26.88000000,2047.50000000,8570.06027914,,fov_only_model_estimate
BW_20260723_164456_7273.jpg,BW,1784796296553,43256,1874.00000000,1874.00000000,237.61230469,1.15978881,,0.18712445,0.14831543,pinhole,26.88000000,2047.50000000,8570.06027914,,fov_only_model_estimate
BW_20260723_164456_7274.jpg,BW,1784796297123,40518,1766.00000000,1766.00000000,222.57202148,1.88131292,,0.14692292,0.13732910,pinhole,26.88000000,2047.50000000,8570.06027914,,fov_only_model_estimate
BW_20260723_164456_7273.jpg,BW,1784796296553,41091,2219.00000000,2219.00000000,225.71960449,-1.14642307,,0.21384847,0.16479492,pinhole,26.88000000,2047.50000000,8570.06027914,,fov_only_model_estimate
BW_20260723_164505_7289.jpg,BW,1784796305724,43255,1875.00000000,1875.00000000,237.60681152,1.15310595,,0.18712445,0.15380859,pinhole,26.88000000,2047.50000000,8570.06027914,,fov_only_model_estimate
BW_20260723_164506_7290.jpg,BW,1784796306297,40518,1766.00000000,1766.00000000,222.57202148,1.88131292,,0.14024407,0.14282227,pinhole,26.88000000,2047.50000000,8570.06027914,,fov_only_model_estimate
BW_20260723_164506_7290.jpg,BW,1784796306297,40952,2035.00000000,2035.00000000,224.95605469,0.08356963,,0.14708225,0.10986328,pinhole,26.88000000,2047.50000000,8570.06027914,,fov_only_model_estimate
BW_20260723_164514_7305.jpg,BW,1784796314922,43257,1872.00000000,1872.00000000,237.61779785,1.17315441,,0.26063076,0.17578125,pinhole,26.88000000,2047.50000000,8570.06027914,,fov_only_model_estimate
BW_20260723_164515_7306.jpg,BW,1784796315498,40518,1765.00000000,1765.00000000,222.57202148,1.88799127,,0.14024407,0.13732910,pinhole,26.88000000,2047.50000000,8570.06027914,,fov_only_model_estimate
BW_20260723_164514_7305.jpg,BW,1784796314922,41091,2219.00000000,2219.00000000,225.71960449,-1.14642307,,0.21384949,0.16479492,pinhole,26.88000000,2047.50000000,8570.06027914,,fov_only_model_estimate
BW_20260723_164524_7321.jpg,BW,1784796324131,43258,1870.00000000,1870.00000000,237.62329102,1.18651989,,0.19379788,0.15380859,pinhole,26.88000000,2047.50000000,8570.06027914,,fov_only_model_estimate
BW_20260723_164524_7322.jpg,BW,1784796324708,40517,1766.00000000,1766.00000000,222.56652832,1.88131292,,0.14692292,0.13183594,pinhole,26.88000000,2047.50000000,8570.06027914,,fov_only_model_estimate
BW_20260723_164524_7322.jpg,BW,1784796324708,40254,1739.00000000,1739.00000000,221.12182617,2.06160966,,0.13353951,0.14831543,pinhole,26.88000000,2047.50000000,8570.06027914,,fov_only_model_estimate
BW_20260723_164533_7337.jpg,BW,1784796333347,43255,1875.00000000,1875.00000000,237.60681152,1.15310595,,0.18712445,0.14831543,pinhole,26.88000000,2047.50000000,8570.06027914,,fov_only_model_estimate
BW_20260723_164537_7345.jpg,BW,1784796337946,10844,331.00000000,331.00000000,59.56787109,11.32592517,,0.13499114,0.10986328,pinhole,26.88000000,2047.50000000,8570.06027914,,fov_only_model_estimate
BW_20260723_164533_7338.jpg,BW,1784796333923,40518,1766.00000000,1766.00000000,222.57202148,1.88131292,,0.14692292,0.14282227,pinhole,26.88000000,2047.50000000,8570.06027914,,fov_only_model_estimate
BW_20260723_164542_7353.jpg,BW,1784796342557,43257,1872.00000000,1872.00000000,237.61779785,1.17315441,,0.26731295,0.17578125,pinhole,26.88000000,2047.50000000,8570.06027914,,fov_only_model_estimate
BW_20260723_164543_7354.jpg,BW,1784796343132,40517,1766.00000000,1766.00000000,222.56652832,1.88131292,,0.14692292,0.13732910,pinhole,26.88000000,2047.50000000,8570.06027914,,fov_only_model_estimate
BW_20260723_164543_7354.jpg,BW,1784796343132,40912,1830.00000000,1830.00000000,224.73632812,1.45380046,,0.14698789,0.08239746,pinhole,26.88000000,2047.50000000,8570.06027914,,fov_only_model_estimate
BW_20260723_164600_7385.jpg,BW,1784796360984,43260,1868.00000000,1868.00000000,237.63427734,1.19988525,,0.19379599,0.15380859,pinhole,26.88000000,2047.50000000,8570.06027914,,fov_only_model_estimate
BW_20260723_164601_7386.jpg,BW,1784796361572,40246,1687.00000000,1687.00000000,221.07788086,2.40872968,,0.08675936,0.09887695,pinhole,26.88000000,2047.50000000,8570.06027914,,fov_only_model_estimate
BW_20260723_164601_7386.jpg,BW,1784796361572,40519,1766.00000000,1766.00000000,222.57751465,1.88131292,,0.14024515,0.13183594,pinhole,26.88000000,2047.50000000,8570.06027914,,fov_only_model_estimate
BW_20260723_164610_7401.jpg,BW,1784796370315,43257,1875.00000000,1875.00000000,237.61779785,1.15310595,,0.21385743,0.13732910,pinhole,26.88000000,2047.50000000,8570.06027914,,fov_only_model_estimate
BW_20260723_164610_7402.jpg,BW,1784796370895,40519,1766.00000000,1766.00000000,222.57751465,1.88131292,,0.14024515,0.13183594,pinhole,26.88000000,2047.50000000,8570.06027914,,fov_only_model_estimate
BW_20260723_164610_7402.jpg,BW,1784796370895,40243,1687.00000000,1687.00000000,221.06140137,2.40872968,,0.07341177,0.07141113,pinhole,26.88000000,2047.50000000,8570.06027914,,fov_only_model_estimate
BW_20260723_164619_7417.jpg,BW,1784796379571,43258,1872.00000000,1872.00000000,237.62329102,1.17315441,,0.26731295,0.17578125,pinhole,26.88000000,2047.50000000,8570.06027914,,fov_only_model_estimate
BW_20260723_164619_7418.jpg,BW,1784796380177,40518,1766.00000000,1766.00000000,222.57202148,1.88131292,,0.14024515,0.13183594,pinhole,26.88000000,2047.50000000,8570.06027914,,fov_only_model_estimate
BW_20260723_164619_7418.jpg,BW,1784796380177,40952,2112.00000000,2112.00000000,224.95605469,-0.43121144,,0.29414586,0.11535645,pinhole,26.88000000,2047.50000000,8570.06027914,,fov_only_model_estimate
BW_20260723_164628_7433.jpg,BW,1784796388803,43258,1872.00000000,1872.00000000,237.62329102,1.17315441,,0.26731295,0.17578125,pinhole,26.88000000,2047.50000000,8570.06027914,,fov_only_model_estimate
BW_20260723_164629_7434.jpg,BW,1784796389380,40520,1767.00000000,1767.00000000,222.58300781,1.87463453,,0.13356733,0.12634277,pinhole,26.88000000,2047.50000000,8570.06027914,,fov_only_model_estimate
BW_20260723_164628_7433.jpg,BW,1784796388803,42681,2526.00000000,2526.00000000,234.45373535,-3.19572951,,0.11996787,0.17578125,pinhole,26.88000000,2047.50000000,8570.06027914,,fov_only_model_estimate
BW_20260723_164637_7449.jpg,BW,1784796398130,43258,1871.00000000,1871.00000000,237.62329102,1.17983717,,0.13365666,0.12084961,pinhole,26.88000000,2047.50000000,8570.06027914,,fov_only_model_estimate
BW_20260723_164637_7449.jpg,BW,1784796398130,42161,2779.00000000,2779.00000000,231.59729004,-4.87867304,,0.18584565,0.18127441,pinhole,26.88000000,2047.50000000,8570.06027914,,fov_only_model_estimate
BW_20260723_164638_7450.jpg,BW,1784796398723,40518,1765.00000000,1765.00000000,222.57202148,1.88799127,,0.14692292,0.13183594,pinhole,26.88000000,2047.50000000,8570.06027914,,fov_only_model_estimate
BW_20260723_164646_7465.jpg,BW,1784796407496,43258,1872.00000000,1872.00000000,237.62329102,1.17315441,,0.26731295,0.17028809,pinhole,26.88000000,2047.50000000,8570.06027914,,fov_only_model_estimate
BW_20260723_164647_7466.jpg,BW,1784796408077,40518,1766.00000000,1766.00000000,222.57202148,1.88131292,,0.14692292,0.14282227,pinhole,26.88000000,2047.50000000,8570.06027914,,fov_only_model_estimate
BW_20260723_164647_7466.jpg,BW,1784796408077,40952,2112.00000000,2112.00000000,224.95605469,-0.43121144,,0.29414586,0.11535645,pinhole,26.88000000,2047.50000000,8570.06027914,,fov_only_model_estimate
BW_20260723_164656_7481.jpg,BW,1784796416789,43258,1872.00000000,1872.00000000,237.62329102,1.17315441,,0.29404552,0.17578125,pinhole,26.88000000,2047.50000000,8570.06027914,,fov_only_model_estimate
BW_20260723_164656_7482.jpg,BW,1784796417339,40520,1767.00000000,1767.00000000,222.58300781,1.87463453,,0.13356733,0.13732910,pinhole,26.88000000,2047.50000000,8570.06027914,,fov_only_model_estimate
BW_20260723_164656_7481.jpg,BW,1784796416789,41657,2767.00000000,2767.00000000,228.82873535,-4.79901701,,0.09958460,0.14831543,pinhole,26.88000000,2047.50000000,8570.06027914,,fov_only_model_estimate
BW_20260723_164705_7497.jpg,BW,1784796425993,43257,1872.00000000,1872.00000000,237.61779785,1.17315441,,0.27399510,0.17578125,pinhole,26.88000000,2047.50000000,8570.06027914,,fov_only_model_estimate
BW_20260723_164706_7498.jpg,BW,1784796426571,40518,1766.00000000,1766.00000000,222.57202148,1.88131292,,0.14024515,0.13183594,pinhole,26.88000000,2047.50000000,8570.06027914,,fov_only_model_estimate
BW_20260723_164705_7497.jpg,BW,1784796425993,41656,2765.00000000,2765.00000000,228.82324219,-4.78573919,,0.14606163,0.17578125,pinhole,26.88000000,2047.50000000,8570.06027914,,fov_only_model_estimate
BW_20260723_164714_7513.jpg,BW,1784796435007,43258,1871.00000000,1871.00000000,237.62329102,1.17983717,,0.27399510,0.17578125,pinhole,26.88000000,2047.50000000,8570.06027914,,fov_only_model_estimate
BW_20260723_164715_7514.jpg,BW,1784796435577,40245,1687.00000000,1687.00000000,221.07238770,2.40872968,,0.08675936,0.09887695,pinhole,26.88000000,2047.50000000,8570.06027914,,fov_only_model_estimate
BW_20260723_164715_7514.jpg,BW,1784796435577,40519,1766.00000000,1766.00000000,222.57751465,1.88131292,,0.14024515,0.13183594,pinhole,26.88000000,2047.50000000,8570.06027914,,fov_only_model_estimate
BW_20260723_164724_7530.jpg,BW,1784796444706,40488,1713.00000000,1713.00000000,222.40722656,2.23519019,,0.27369234,0.12634277,pinhole,26.88000000,2047.50000000,8570.06027914,,fov_only_model_estimate
BW_20260723_164723_7529.jpg,BW,1784796444132,43319,1818.00000000,1818.00000000,237.95837402,1.53397281,,0.20042580,0.19226074,pinhole,26.88000000,2047.50000000,8570.06027914,,fov_only_model_estimate
BW_20260723_164724_7530.jpg,BW,1784796444706,40952,2112.00000000,2112.00000000,224.95605469,-0.43121144,,0.28746048,0.11535645,pinhole,26.88000000,2047.50000000,8570.06027914,,fov_only_model_estimate
BW_20260723_164733_7545.jpg,BW,1784796453318,43261,1868.00000000,1868.00000000,237.63977051,1.19988525,,0.20047811,0.15380859,pinhole,26.88000000,2047.50000000,8570.06027914,,fov_only_model_estimate
BW_20260723_164733_7546.jpg,BW,1784796453893,40518,1766.00000000,1766.00000000,222.57202148,1.88131292,,0.14024515,0.14831543,pinhole,26.88000000,2047.50000000,8570.06027914,,fov_only_model_estimate
BW_20260723_164733_7546.jpg,BW,1784796453893,40245,1688.00000000,1688.00000000,221.07238770,2.40205588,,0.08008674,0.08789062,pinhole,26.88000000,2047.50000000,8570.06027914,,fov_only_model_estimate
BW_20260723_164742_7561.jpg,BW,1784796462530,43261,1866.00000000,1866.00000000,237.63977051,1.21325047,,0.18711108,0.15380859,pinhole,26.88000000,2047.50000000,8570.06027914,,fov_only_model_estimate
BW_20260723_164742_7562.jpg,BW,1784796463130,40253,1689.00000000,1689.00000000,221.11633301,2.39538202,,0.08676106,0.13183594,pinhole,26.88000000,2047.50000000,8570.06027914,,fov_only_model_estimate
BW_20260723_164742_7562.jpg,BW,1784796463130,40522,1769.00000000,1769.00000000,222.59399414,1.86127758,,0.12689042,0.12634277,pinhole,26.88000000,2047.50000000,8570.06027914,,fov_only_model_estimate
BW_20260723_164751_7577.jpg,BW,1784796471735,43261,1868.00000000,1868.00000000,237.63977051,1.19988525,,0.18711293,0.15380859,pinhole,26.88000000,2047.50000000,8570.06027914,,fov_only_model_estimate
BW_20260723_164752_7578.jpg,BW,1784796472310,40245,1688.00000000,1688.00000000,221.07238770,2.40205588,,0.08008674,0.09887695,pinhole,26.88000000,2047.50000000,8570.06027914,,fov_only_model_estimate
BW_20260723_164752_7578.jpg,BW,1784796472310,40522,1769.00000000,1769.00000000,222.59399414,1.86127758,,0.09349929,0.13183594,pinhole,26.88000000,2047.50000000,8570.06027914,,fov_only_model_estimate
BW_20260723_164800_7593.jpg,BW,1784796480947,43259,1870.00000000,1870.00000000,237.62878418,1.18651989,,0.20048007,0.15380859,pinhole,26.88000000,2047.50000000,8570.06027914,,fov_only_model_estimate
BW_20260723_164801_7594.jpg,BW,1784796481525,40519,1767.00000000,1767.00000000,222.57751465,1.87463453,,0.14692405,0.13732910,pinhole,26.88000000,2047.50000000,8570.06027914,,fov_only_model_estimate
BW_20260723_164801_7594.jpg,BW,1784796481525,40245,1688.00000000,1688.00000000,221.07238770,2.40205588,,0.08008596,0.09338379,pinhole,26.88000000,2047.50000000,8570.06027914,,fov_only_model_estimate
BW_20260723_164809_7609.jpg,BW,1784796490163,43255,1875.00000000,1875.00000000,237.60681152,1.15310595,,0.18712359,0.15380859,pinhole,26.88000000,2047.50000000,8570.06027914,,fov_only_model_estimate
BW_20260723_164810_7610.jpg,BW,1784796490739,40247,1686.00000000,1686.00000000,221.08337402,2.41540341,,0.08675936,0.10437012,pinhole,26.88000000,2047.50000000,8570.06027914,,fov_only_model_estimate
BW_20260723_164810_7610.jpg,BW,1784796490739,40521,1768.00000000,1768.00000000,222.58850098,1.86795608,,0.12021152,0.12634277,pinhole,26.88000000,2047.50000000,8570.06027914,,fov_only_model_estimate
BW_20260723_164819_7626.jpg,BW,1784796499954,40491,1713.00000000,1713.00000000,222.42370605,2.23519019,,0.27369234,0.10437012,pinhole,26.88000000,2047.50000000,8570.06027914,,fov_only_model_estimate
BW_20260723_164819_7625.jpg,BW,1784796499409,43256,1875.00000000,1875.00000000,237.61230469,1.15310595,,0.21385743,0.14831543,pinhole,26.88000000,2047.50000000,8570.06027914,,fov_only_model_estimate
BW_20260723_164819_7626.jpg,BW,1784796499954,40243,1687.00000000,1687.00000000,221.06140137,2.40872968,,0.07341177,0.06591797,pinhole,26.88000000,2047.50000000,8570.06027914,,fov_only_model_estimate
BW_20260723_164828_7641.jpg,BW,1784796508590,43258,1872.00000000,1872.00000000,237.62329102,1.17315441,,0.26731295,0.17578125,pinhole,26.88000000,2047.50000000,8570.06027914,,fov_only_model_estimate
BW_20260723_164828_7642.jpg,BW,1784796509166,40519,1767.00000000,1767.00000000,222.57751465,1.87463453,,0.14024515,0.13732910,pinhole,26.88000000,2047.50000000,8570.06027914,,fov_only_model_estimate
BW_20260723_164828_7642.jpg,BW,1784796509166,40314,1730.00000000,1730.00000000,221.45141602,2.12169968,,0.04673467,0.05493164,pinhole,26.88000000,2047.50000000,8570.06027914,,fov_only_model_estimate
BW_20260723_164837_7657.jpg,BW,1784796517804,43257,1872.00000000,1872.00000000,237.61779785,1.17315441,,0.27399510,0.17578125,pinhole,26.88000000,2047.50000000,8570.06027914,,fov_only_model_estimate
BW_20260723_164838_7658.jpg,BW,1784796518380,40519,1767.00000000,1767.00000000,222.57751465,1.87463453,,0.14024515,0.13183594,pinhole,26.88000000,2047.50000000,8570.06027914,,fov_only_model_estimate
BW_20260723_164838_7658.jpg,BW,1784796518380,40242,1687.00000000,1687.00000000,221.05590820,2.40872968,,0.08008596,0.05493164,pinhole,26.88000000,2047.50000000,8570.06027914,,fov_only_model_estimate
BW_20260723_164846_7673.jpg,BW,1784796527018,43258,1872.00000000,1872.00000000,237.62329102,1.17315441,,0.27399510,0.17028809,pinhole,26.88000000,2047.50000000,8570.06027914,,fov_only_model_estimate
BW_20260723_164847_7674.jpg,BW,1784796527593,40244,1687.00000000,1687.00000000,221.06689453,2.40872968,,0.08008596,0.06591797,pinhole,26.88000000,2047.50000000,8570.06027914,,fov_only_model_estimate
BW_20260723_164847_7674.jpg,BW,1784796527593,40519,1767.00000000,1767.00000000,222.57751465,1.87463453,,0.13356733,0.13183594,pinhole,26.88000000,2047.50000000,8570.06027914,,fov_only_model_estimate
BW_20260723_164856_7689.jpg,BW,1784796536222,43257,1873.00000000,1873.00000000,237.61779785,1.16647163,,0.26731295,0.17578125,pinhole,26.88000000,2047.50000000,8570.06027914,,fov_only_model_estimate
BW_20260723_164856_7690.jpg,BW,1784796536797,40518,1767.00000000,1767.00000000,222.57202148,1.87463453,,0.13356630,0.13732910,pinhole,26.88000000,2047.50000000,8570.06027914,,fov_only_model_estimate
BW_20260723_164856_7690.jpg,BW,1784796536797,40245,1689.00000000,1689.00000000,221.07238770,2.39538202,,0.06673960,0.08789062,pinhole,26.88000000,2047.50000000,8570.06027914,,fov_only_model_estimate
BW_20260723_164905_7705.jpg,BW,1784796545426,43258,1870.00000000,1870.00000000,237.62329102,1.18651989,,0.20048007,0.15380859,pinhole,26.88000000,2047.50000000,8570.06027914,,fov_only_model_estimate
BW_20260723_164905_7706.jpg,BW,1784796546029,40520,1767.00000000,1767.00000000,222.58300781,1.87463453,,0.14024515,0.13183594,pinhole,26.88000000,2047.50000000,8570.06027914,,fov_only_model_estimate
BW_20260723_164905_7706.jpg,BW,1784796546029,40244,1688.00000000,1688.00000000,221.06689453,2.40205588,,0.07341249,0.07690430,pinhole,26.88000000,2047.50000000,8570.06027914,,fov_only_model_estimate
BW_20260723_164914_7721.jpg,BW,1784796554634,43257,1872.00000000,1872.00000000,237.61779785,1.17315441,,0.27399510,0.17028809,pinhole,26.88000000,2047.50000000,8570.06027914,,fov_only_model_estimate
BW_20260723_164914_7721.jpg,BW,1784796554634,42161,2778.00000000,2778.00000000,231.59729004,-4.87203575,,0.17257098,0.15380859,pinhole,26.88000000,2047.50000000,8570.06027914,,fov_only_model_estimate
BW_20260723_164915_7722.jpg,BW,1784796555208,40519,1767.00000000,1767.00000000,222.57751465,1.87463453,,0.14024515,0.13732910,pinhole,26.88000000,2047.50000000,8570.06027914,,fov_only_model_estimate
BW_20260723_164923_7737.jpg,BW,1784796563846,43259,1872.00000000,1872.00000000,237.62878418,1.17315441,,0.30072763,0.18127441,pinhole,26.88000000,2047.50000000,8570.06027914,,fov_only_model_estimate
BW_20260723_164923_7737.jpg,BW,1784796563846,41657,2767.00000000,2767.00000000,228.82873535,-4.79901701,,0.14605028,0.14282227,pinhole,26.88000000,2047.50000000,8570.06027914,,fov_only_model_estimate
BW_20260723_164924_7738.jpg,BW,1784796564419,40518,1766.00000000,1766.00000000,222.57202148,1.88131292,,0.14692292,0.13732910,pinhole,26.88000000,2047.50000000,8570.06027914,,fov_only_model_estimate
BW_20260723_164932_7753.jpg,BW,1784796573057,43257,1873.00000000,1873.00000000,237.61779785,1.16647163,,0.12029157,0.12084961,pinhole,26.88000000,2047.50000000,8570.06027914,,fov_only_model_estimate
BW_20260723_164933_7754.jpg,BW,1784796573631,40520,1766.00000000,1766.00000000,222.58300781,1.88131292,,0.14024515,0.08789062,pinhole,26.88000000,2047.50000000,8570.06027914,,fov_only_model_estimate
BW_20260723_164933_7754.jpg,BW,1784796573631,40951,2039.00000000,2039.00000000,224.95056152,0.05682737,,0.09359794,0.10986328,pinhole,26.88000000,2047.50000000,8570.06027914,,fov_only_model_estimate
BW_20260723_164942_7769.jpg,BW,1784796582299,43258,1872.00000000,1872.00000000,237.62329102,1.17315441,,0.29404552,0.17578125,pinhole,26.88000000,2047.50000000,8570.06027914,,fov_only_model_estimate
BW_20260723_164942_7770.jpg,BW,1784796582853,40518,1766.00000000,1766.00000000,222.57202148,1.88131292,,0.14692292,0.13183594,pinhole,26.88000000,2047.50000000,8570.06027914,,fov_only_model_estimate
BW_20260723_164942_7770.jpg,BW,1784796582853,40952,2039.00000000,2039.00000000,224.95605469,0.05682737,,0.09359794,0.10437012,pinhole,26.88000000,2047.50000000,8570.06027914,,fov_only_model_estimate
BW_20260723_164951_7785.jpg,BW,1784796591483,43257,1872.00000000,1872.00000000,237.61779785,1.17315441,,0.26731295,0.17578125,pinhole,26.88000000,2047.50000000,8570.06027914,,fov_only_model_estimate
BW_20260723_164951_7786.jpg,BW,1784796592059,40516,1766.00000000,1766.00000000,222.56103516,1.88131292,,0.14692292,0.15930176,pinhole,26.88000000,2047.50000000,8570.06027914,,fov_only_model_estimate
BW_20260723_164951_7786.jpg,BW,1784796592059,40951,2039.00000000,2039.00000000,224.95056152,0.05682737,,0.08691238,0.10986328,pinhole,26.88000000,2047.50000000,8570.06027914,,fov_only_model_estimate
BW_20260723_165000_7801.jpg,BW,1784796600699,43255,1876.00000000,1876.00000000,237.60681152,1.14642307,,0.18712445,0.14831543,pinhole,26.88000000,2047.50000000,8570.06027914,,fov_only_model_estimate
BW_20260723_165001_7802.jpg,BW,1784796601273,40518,1766.00000000,1766.00000000,222.57202148,1.88131292,,0.14024515,0.13732910,pinhole,26.88000000,2047.50000000,8570.06027914,,fov_only_model_estimate
BW_20260723_165000_7801.jpg,BW,1784796600699,42148,2766.00000000,2766.00000000,231.52587891,-4.79237816,,0.12613312,0.18127441,pinhole,26.88000000,2047.50000000,8570.06027914,,fov_only_model_estimate
BW_20260723_165009_7817.jpg,BW,1784796609910,43257,1874.00000000,1874.00000000,237.61779785,1.15978881,,0.24058734,0.17028809,pinhole,26.88000000,2047.50000000,8570.06027914,,fov_only_model_estimate
BW_20260723_165010_7818.jpg,BW,1784796610488,40519,1767.00000000,1767.00000000,222.57751465,1.87463453,,0.14024515,0.13183594,pinhole,26.88000000,2047.50000000,8570.06027914,,fov_only_model_estimate
BW_20260723_165010_7818.jpg,BW,1784796610488,40952,2111.00000000,2111.00000000,224.95605469,-0.42452623,,0.30083124,0.11535645,pinhole,26.88000000,2047.50000000,8570.06027914,,fov_only_model_estimate
BW_20260723_165019_7833.jpg,BW,1784796619128,43257,1872.00000000,1872.00000000,237.61779785,1.17315441,,0.26062953,0.17578125,pinhole,26.88000000,2047.50000000,8570.06027914,,fov_only_model_estimate
BW_20260723_165019_7834.jpg,BW,1784796619699,40517,1766.00000000,1766.00000000,222.56652832,1.88131292,,0.14692292,0.13732910,pinhole,26.88000000,2047.50000000,8570.06027914,,fov_only_model_estimate
BW_20260723_165019_7834.jpg,BW,1784796619699,40951,2038.00000000,2038.00000000,224.95056152,0.06351294,,0.09359794,0.11535645,pinhole,26.88000000,2047.50000000,8570.06027914,,fov_only_model_estimate
BW_20260723_165028_7849.jpg,BW,1784796628339,43257,1872.00000000,1872.00000000,237.61779785,1.17315441,,0.26731295,0.17028809,pinhole,26.88000000,2047.50000000,8570.06027914,,fov_only_model_estimate
BW_20260723_165028_7850.jpg,BW,1784796628912,40518,1766.00000000,1766.00000000,222.57202148,1.88131292,,0.14024407,0.13183594,pinhole,26.88000000,2047.50000000,8570.06027914,,fov_only_model_estimate
BW_20260723_165028_7850.jpg,BW,1784796628912,40951,2039.00000000,2039.00000000,224.95056152,0.05682737,,0.09359794,0.10986328,pinhole,26.88000000,2047.50000000,8570.06027914,,fov_only_model_estimate
BW_20260723_165037_7865.jpg,BW,1784796637551,43257,1872.00000000,1872.00000000,237.61779785,1.17315441,,0.26062953,0.17578125,pinhole,26.88000000,2047.50000000,8570.06027914,,fov_only_model_estimate
BW_20260723_165038_7866.jpg,BW,1784796638126,40518,1766.00000000,1766.00000000,222.57202148,1.88131292,,0.14692292,0.15380859,pinhole,26.88000000,2047.50000000,8570.06027914,,fov_only_model_estimate
BW_20260723_165038_7866.jpg,BW,1784796638126,40243,1687.00000000,1687.00000000,221.06140137,2.40872968,,0.08008596,0.04943848,pinhole,26.88000000,2047.50000000,8570.06027914,,fov_only_model_estimate
BW_20260723_165046_7881.jpg,BW,1784796646766,43257,1872.00000000,1872.00000000,237.61779785,1.17315441,,0.26062953,0.17028809,pinhole,26.88000000,2047.50000000,8570.06027914,,fov_only_model_estimate
BW_20260723_165047_7882.jpg,BW,1784796647340,40519,1766.00000000,1766.00000000,222.57751465,1.88131292,,0.14024515,0.13183594,pinhole,26.88000000,2047.50000000,8570.06027914,,fov_only_model_estimate
BW_20260723_165047_7882.jpg,BW,1784796647340,40951,2039.00000000,2039.00000000,224.95056152,0.05682737,,0.09359794,0.10986328,pinhole,26.88000000,2047.50000000,8570.06027914,,fov_only_model_estimate
BW_20260723_165055_7897.jpg,BW,1784796655978,43257,1873.00000000,1873.00000000,237.61779785,1.16647163,,0.26731295,0.17578125,pinhole,26.88000000,2047.50000000,8570.06027914,,fov_only_model_estimate
BW_20260723_165056_7898.jpg,BW,1784796656554,40518,1765.00000000,1765.00000000,222.57202148,1.88799127,,0.14024407,0.13732910,pinhole,26.88000000,2047.50000000,8570.06027914,,fov_only_model_estimate
BW_20260723_165055_7897.jpg,BW,1784796655978,41737,2872.00000000,2872.00000000,229.26818848,-5.49534353,,0.17886090,0.11535645,pinhole,26.88000000,2047.50000000,8570.06027914,,fov_only_model_estimate
BW_20260723_165105_7913.jpg,BW,1784796665191,43257,1872.00000000,1872.00000000,237.61779785,1.17315441,,0.26731295,0.17028809,pinhole,26.88000000,2047.50000000,8570.06027914,,fov_only_model_estimate
BW_20260723_165105_7914.jpg,BW,1784796665768,40518,1766.00000000,1766.00000000,222.57202148,1.88131292,,0.14024515,0.13183594,pinhole,26.88000000,2047.50000000,8570.06027914,,fov_only_model_estimate
BW_20260723_165105_7914.jpg,BW,1784796665768,40784,1736.00000000,1736.00000000,224.03320312,2.08164018,,0.14689099,0.12634277,pinhole,26.88000000,2047.50000000,8570.06027914,,fov_only_model_estimate
BW_20260723_165114_7929.jpg,BW,1784796674405,43257,1872.00000000,1872.00000000,237.61779785,1.17315441,,0.26731295,0.17578125,pinhole,26.88000000,2047.50000000,8570.06027914,,fov_only_model_estimate
BW_20260723_165114_7930.jpg,BW,1784796674980,40518,1766.00000000,1766.00000000,222.57202148,1.88131292,,0.14692292,0.12634277,pinhole,26.88000000,2047.50000000,8570.06027914,,fov_only_model_estimate
BW_20260723_165114_7929.jpg,BW,1784796674405,41800,2901.00000000,2901.00000000,229.61425781,-5.68738446,,0.13239217,0.17578125,pinhole,26.88000000,2047.50000000,8570.06027914,,fov_only_model_estimate
BW_20260723_165123_7945.jpg,BW,1784796683619,43258,1872.00000000,1872.00000000,237.62329102,1.17315441,,0.27399510,0.17578125,pinhole,26.88000000,2047.50000000,8570.06027914,,fov_only_model_estimate
BW_20260723_165133_7962.jpg,BW,1784796693407,40518,1766.00000000,1766.00000000,222.57202148,1.88131292,,0.14692292,0.13183594,pinhole,26.88000000,2047.50000000,8570.06027914,,fov_only_model_estimate
BW_20260723_165133_7962.jpg,BW,1784796693407,40256,1719.00000000,1719.00000000,221.13281250,2.19513667,,0.19359790,0.18127441,pinhole,26.88000000,2047.50000000,8570.06027914,,fov_only_model_estimate
BW_20260723_165141_7977.jpg,BW,1784796702048,43257,1872.00000000,1872.00000000,237.61779785,1.17315441,,0.26062953,0.17578125,pinhole,26.88000000,2047.50000000,8570.06027914,,fov_only_model_estimate
BW_20260723_165142_7978.jpg,BW,1784796702622,40518,1766.00000000,1766.00000000,222.57202148,1.88131292,,0.14024407,0.13183594,pinhole,26.88000000,2047.50000000,8570.06027914,,fov_only_model_estimate
BW_20260723_165142_7978.jpg,BW,1784796702622,40951,2035.00000000,2035.00000000,224.95056152,0.08356963,,0.14039673,0.11535645,pinhole,26.88000000,2047.50000000,8570.06027914,,fov_only_model_estimate
BW_20260723_165258_8074.jpg,BW,1784796778203,60684,1715.00000000,1715.00000000,333.34716797,2.22183926,,0.16021253,0.11535645,pinhole,26.88000000,2047.50000000,8570.06027914,,fov_only_model_estimate
BW_20260723_165257_8073.jpg,BW,1784796777619,63763,1794.00000000,1794.00000000,350.26062012,1.69429919,,0.13359270,0.17028809,pinhole,26.88000000,2047.50000000,8570.06027914,,fov_only_model_estimate
BW_20260723_165258_8074.jpg,BW,1784796778203,60945,1766.00000000,1766.00000000,334.78088379,1.88131292,,0.14024515,0.11535645,pinhole,26.88000000,2047.50000000,8570.06027914,,fov_only_model_estimate
BW_20260723_165302_8081.jpg,BW,1784796782266,31328,314.00000000,314.00000000,172.08984375,11.43515454,,0.07707345,0.12634277,pinhole,26.88000000,2047.50000000,8570.06027914,,fov_only_model_estimate
BW_20260723_165306_8089.jpg,BW,1784796786906,63763,1794.00000000,1794.00000000,350.26062012,1.69429919,,0.14027281,0.16479492,pinhole,26.88000000,2047.50000000,8570.06027914,,fov_only_model_estimate
BW_20260723_165307_8090.jpg,BW,1784796787485,60933,1697.00000000,1697.00000000,334.71496582,2.34198878,,0.18020980,0.12634277,pinhole,26.88000000,2047.50000000,8570.06027914,,fov_only_model_estimate
BW_20260723_165311_8097.jpg,BW,1784796791556,31310,76.00000000,76.00000000,171.99096680,12.95521633,,0.13333034,0.08789062,pinhole,26.88000000,2047.50000000,8570.06027914,,fov_only_model_estimate
BW_20260723_165311_8097.jpg,BW,1784796791556,31327,312.00000000,312.00000000,172.08435059,11.44799954,,0.08349055,0.12634277,pinhole,26.88000000,2047.50000000,8570.06027914,,fov_only_model_estimate
BW_20260723_165315_8105.jpg,BW,1784796796150,63764,1793.00000000,1793.00000000,350.26611328,1.70097890,,0.12691263,0.15380859,pinhole,26.88000000,2047.50000000,8570.06027914,,fov_only_model_estimate
BW_20260723_165320_8113.jpg,BW,1784796800757,31329,314.00000000,314.00000000,172.09533691,11.43515454,,0.08349434,0.13183594,pinhole,26.88000000,2047.50000000,8570.06027914,,fov_only_model_estimate
BW_20260723_165325_8122.jpg,BW,1784796805953,60682,1715.00000000,1715.00000000,333.33618164,2.22183926,,0.16688729,0.11535645,pinhole,26.88000000,2047.50000000,8570.06027914,,fov_only_model_estimate
BW_20260723_165320_8113.jpg,BW,1784796800757,31183,5.00000000,5.00000000,171.29333496,13.40521073,,0.08224757,0.10437012,pinhole,26.88000000,2047.50000000,8570.06027914,,fov_only_model_estimate
BW_20260723_165329_8129.jpg,BW,1784796809983,31329,315.00000000,315.00000000,172.09533691,11.42873161,,0.08349812,0.13183594,pinhole,26.88000000,2047.50000000,8570.06027914,,fov_only_model_estimate
BW_20260723_165329_8129.jpg,BW,1784796809983,31184,6.00000000,6.00000000,171.29882812,13.39888433,,0.09490603,0.10437012,pinhole,26.88000000,2047.50000000,8570.06027914,,fov_only_model_estimate
BW_20260723_165334_8137.jpg,BW,1784796814601,62654,2834.00000000,2834.00000000,344.16870117,-5.24351675,,0.17899325,0.17578125,pinhole,26.88000000,2047.50000000,8570.06027914,,fov_only_model_estimate
BW_20260723_165344_8154.jpg,BW,1784796824398,60683,1716.00000000,1716.00000000,333.34167480,2.21516370,,0.16021397,0.10437012,pinhole,26.88000000,2047.50000000,8570.06027914,,fov_only_model_estimate
BW_20260723_165348_8161.jpg,BW,1784796828426,31328,313.00000000,313.00000000,172.08984375,11.44157719,,0.07706995,0.12634277,pinhole,26.88000000,2047.50000000,8570.06027914,,fov_only_model_estimate
BW_20260723_165343_8153.jpg,BW,1784796823822,63764,1794.00000000,1794.00000000,350.26611328,1.69429919,,0.12691351,0.15380859,pinhole,26.88000000,2047.50000000,8570.06027914,,fov_only_model_estimate
BW_20260723_165353_8170.jpg,BW,1784796833620,60684,1716.00000000,1716.00000000,333.34716797,2.21516370,,0.16021397,0.10986328,pinhole,26.88000000,2047.50000000,8570.06027914,,fov_only_model_estimate
BW_20260723_165357_8177.jpg,BW,1784796837648,31328,313.00000000,313.00000000,172.08984375,11.44157719,,0.07706995,0.12634277,pinhole,26.88000000,2047.50000000,8570.06027914,,fov_only_model_estimate
BW_20260723_165352_8169.jpg,BW,1784796833075,63763,1794.00000000,1794.00000000,350.26062012,1.69429919,,0.14695195,0.17028809,pinhole,26.88000000,2047.50000000,8570.06027914,,fov_only_model_estimate
BW_20260723_165402_8186.jpg,BW,1784796842848,60684,1717.00000000,1717.00000000,333.34716797,2.20848809,,0.15353909,0.10437012,pinhole,26.88000000,2047.50000000,8570.06027914,,fov_only_model_estimate
BW_20260723_165406_8193.jpg,BW,1784796846874,31327,315.00000000,315.00000000,172.08435059,11.42873161,,0.07707694,0.12634277,pinhole,26.88000000,2047.50000000,8570.06027914,,fov_only_model_estimate
BW_20260723_165402_8185.jpg,BW,1784796842268,63763,1794.00000000,1794.00000000,350.26062012,1.69429919,,0.14027281,0.16479492,pinhole,26.88000000,2047.50000000,8570.06027914,,fov_only_model_estimate
BW_20260723_165411_8201.jpg,BW,1784796851491,63763,1794.00000000,1794.00000000,350.26062012,1.69429919,,0.13359270,0.16479492,pinhole,26.88000000,2047.50000000,8570.06027914,,fov_only_model_estimate
BW_20260723_165411_8202.jpg,BW,1784796852068,60946,1766.00000000,1766.00000000,334.78637695,1.88131292,,0.13356630,0.10437012,pinhole,26.88000000,2047.50000000,8570.06027914,,fov_only_model_estimate
BW_20260723_165411_8201.jpg,BW,1784796851491,62598,2775.00000000,2775.00000000,343.86108398,-4.85212311,,0.17258458,0.17028809,pinhole,26.88000000,2047.50000000,8570.06027914,,fov_only_model_estimate
BW_20260723_165425_8225.jpg,BW,1784796865319,31310,71.00000000,71.00000000,171.99096680,12.98696004,,0.16502925,0.10986328,pinhole,26.88000000,2047.50000000,8570.06027914,,fov_only_model_estimate
BW_20260723_165421_8218.jpg,BW,1784796861291,60750,1714.00000000,1714.00000000,333.70971680,2.22851476,,0.13350926,0.18676758,pinhole,26.88000000,2047.50000000,8570.06027914,,fov_only_model_estimate
BW_20260723_165420_8217.jpg,BW,1784796860714,63763,1793.00000000,1793.00000000,350.26062012,1.70097890,,0.13359270,0.16479492,pinhole,26.88000000,2047.50000000,8570.06027914,,fov_only_model_estimate
BW_20260723_165435_8243.jpg,BW,1784796875695,21152,250.00000000,250.00000000,116.19140625,11.84561030,,0.12167042,0.11535645,pinhole,26.88000000,2047.50000000,8570.06027914,,fov_only_model_estimate
BW_20260723_165430_8234.jpg,BW,1784796870514,60684,1717.00000000,1717.00000000,333.34716797,2.20848809,,0.15353909,0.10437012,pinhole,26.88000000,2047.50000000,8570.06027914,,fov_only_model_estimate
BW_20260723_165434_8241.jpg,BW,1784796874575,31183,7.00000000,7.00000000,171.29333496,13.39255759,,0.10756581,0.09887695,pinhole,26.88000000,2047.50000000,8570.06027914,,fov_only_model_estimate
BW_20260723_165439_8250.jpg,BW,1784796879771,60684,1716.00000000,1716.00000000,333.34716797,2.21516370,,0.16021397,0.10437012,pinhole,26.88000000,2047.50000000,8570.06027914,,fov_only_model_estimate
BW_20260723_165438_8249.jpg,BW,1784796879160,63763,1794.00000000,1794.00000000,350.26062012,1.69429919,,0.13359270,0.16479492,pinhole,26.88000000,2047.50000000,8570.06027914,,fov_only_model_estimate
BW_20260723_165443_8257.jpg,BW,1784796883765,31311,79.00000000,79.00000000,171.99645996,12.93616621,,0.10160316,0.06591797,pinhole,26.88000000,2047.50000000,8570.06027914,,fov_only_model_estimate
BW_20260723_165452_8273.jpg,BW,1784796892990,31310,75.00000000,75.00000000,171.99096680,12.96156572,,0.15236585,0.09887695,pinhole,26.88000000,2047.50000000,8570.06027914,,fov_only_model_estimate
BW_20260723_165448_8266.jpg,BW,1784796888959,60685,1715.00000000,1715.00000000,333.35266113,2.22183926,,0.16688880,0.12084961,pinhole,26.88000000,2047.50000000,8570.06027914,,fov_only_model_estimate
BW_20260723_165457_8281.jpg,BW,1784796897615,62654,2835.00000000,2835.00000000,344.16870117,-5.25014642,,0.17236204,0.18127441,pinhole,26.88000000,2047.50000000,8570.06027914,,fov_only_model_estimate
BW_20260723_165457_8282.jpg,BW,1784796898191,60684,1715.00000000,1715.00000000,333.34716797,2.22183926,,0.16688729,0.12634277,pinhole,26.88000000,2047.50000000,8570.06027914,,fov_only_model_estimate
BW_20260723_165506_8297.jpg,BW,1784796906849,63763,1794.00000000,1794.00000000,350.26062012,1.69429919,,0.13359270,0.16479492,pinhole,26.88000000,2047.50000000,8570.06027914,,fov_only_model_estimate
BW_20260723_165501_8289.jpg,BW,1784796902226,31326,313.00000000,313.00000000,172.07885742,11.44157719,,0.07064906,0.12084961,pinhole,26.88000000,2047.50000000,8570.06027914,,fov_only_model_estimate
BW_20260723_165507_8298.jpg,BW,1784796907426,60684,1716.00000000,1716.00000000,333.34716797,2.21516370,,0.15353909,0.10437012,pinhole,26.88000000,2047.50000000,8570.06027914,,fov_only_model_estimate
BW_20260723_165511_8305.jpg,BW,1784796911458,31309,79.00000000,79.00000000,171.98547363,12.93616621,,0.13335074,0.08789062,pinhole,26.88000000,2047.50000000,8570.06027914,,fov_only_model_estimate
BW_20260723_165515_8313.jpg,BW,1784796916079,63763,1794.00000000,1794.00000000,350.26062012,1.69429919,,0.14695195,0.17028809,pinhole,26.88000000,2047.50000000,8570.06027914,,fov_only_model_estimate
BW_20260723_165520_8321.jpg,BW,1784796920687,31310,78.00000000,78.00000000,171.99096680,12.94251658,,0.12699747,0.08239746,pinhole,26.88000000,2047.50000000,8570.06027914,,fov_only_model_estimate
BW_20260723_165520_8321.jpg,BW,1784796920687,31327,316.00000000,316.00000000,172.08435059,11.42230838,,0.07708043,0.12634277,pinhole,26.88000000,2047.50000000,8570.06027914,,fov_only_model_estimate
BW_20260723_165520_8321.jpg,BW,1784796920687,31180,6.00000000,6.00000000,171.27685547,13.39888433,,0.10123576,0.10437012,pinhole,26.88000000,2047.50000000,8570.06027914,,fov_only_model_estimate
BW_20260723_165529_8337.jpg,BW,1784796929945,31310,77.00000000,77.00000000,171.99096680,12.94886661,,0.12699100,0.08239746,pinhole,26.88000000,2047.50000000,8570.06027914,,fov_only_model_estimate
BW_20260723_165529_8337.jpg,BW,1784796929945,31181,6.00000000,6.00000000,171.28234863,13.39888433,,0.09490603,0.10986328,pinhole,26.88000000,2047.50000000,8570.06027914,,fov_only_model_estimate
BW_20260723_165529_8337.jpg,BW,1784796929945,31326,314.00000000,314.00000000,172.07885742,11.43515454,,0.07707345,0.12634277,pinhole,26.88000000,2047.50000000,8570.06027914,,fov_only_model_estimate
BW_20260723_165538_8353.jpg,BW,1784796939137,31327,314.00000000,314.00000000,172.08435059,11.43515454,,0.07707345,0.12634277,pinhole,26.88000000,2047.50000000,8570.06027914,,fov_only_model_estimate
BW_20260723_165538_8353.jpg,BW,1784796939137,31182,5.00000000,5.00000000,171.28784180,13.40521073,,0.08857663,0.10437012,pinhole,26.88000000,2047.50000000,8570.06027914,,fov_only_model_estimate
BW_20260723_165544_8362.jpg,BW,1784796944332,60683,1716.00000000,1716.00000000,333.34167480,2.21516370,,0.16021253,0.11535645,pinhole,26.88000000,2047.50000000,8570.06027914,,fov_only_model_estimate
BW_20260723_165548_8369.jpg,BW,1784796948363,31309,72.00000000,72.00000000,171.98547363,12.98061194,,0.16503769,0.12084961,pinhole,26.88000000,2047.50000000,8570.06027914,,fov_only_model_estimate
BW_20260723_165548_8369.jpg,BW,1784796948363,31181,7.00000000,7.00000000,171.28234863,13.39255759,,0.10756581,0.10437012,pinhole,26.88000000,2047.50000000,8570.06027914,,fov_only_model_estimate
BW_20260723_165553_8378.jpg,BW,1784796953555,60684,1714.00000000,1714.00000000,333.34716797,2.22851476,,0.16688729,0.10437012,pinhole,26.88000000,2047.50000000,8570.06027914,,fov_only_model_estimate
BW_20260723_165557_8385.jpg,BW,1784796957587,31181,7.00000000,7.00000000,171.28234863,13.39255759,,0.11389620,0.10986328,pinhole,26.88000000,2047.50000000,8570.06027914,,fov_only_model_estimate
BW_20260723_165557_8385.jpg,BW,1784796957587,31309,80.00000000,80.00000000,171.98547363,12.92981553,,0.13335753,0.08789062,pinhole,26.88000000,2047.50000000,8570.06027914,,fov_only_model_estimate
BW_20260723_165557_8385.jpg,BW,1784796957587,31326,315.00000000,315.00000000,172.07885742,11.42873161,,0.07707694,0.12634277,pinhole,26.88000000,2047.50000000,8570.06027914,,fov_only_model_estimate
BW_20260723_165606_8401.jpg,BW,1784796966745,31182,9.00000000,9.00000000,171.28784180,13.37990312,,0.13288936,0.11535645,pinhole,26.88000000,2047.50000000,8570.06027914,,fov_only_model_estimate
BW_20260723_165606_8401.jpg,BW,1784796966745,31309,81.00000000,81.00000000,171.98547363,12.92346452,,0.13336432,0.08789062,pinhole,26.88000000,2047.50000000,8570.06027914,,fov_only_model_estimate
BW_20260723_165611_8410.jpg,BW,1784796971912,60685,1716.00000000,1716.00000000,333.35266113,2.21516370,,0.15353909,0.11535645,pinhole,26.88000000,2047.50000000,8570.06027914,,fov_only_model_estimate
BW_20260723_165616_8418.jpg,BW,1784796976497,26491,2400.00000000,2400.00000000,145.51940918,-2.35533748,,0.16018116,0.14282227,pinhole,26.88000000,2047.50000000,8570.06027914,,fov_only_model_estimate
BW_20260723_165615_8417.jpg,BW,1784796975925,31181,7.00000000,7.00000000,171.28234863,13.39255759,,0.10756581,0.10437012,pinhole,26.88000000,2047.50000000,8570.06027914,,fov_only_model_estimate
BW_20260723_165615_8417.jpg,BW,1784796975925,31326,314.00000000,314.00000000,172.07885742,11.43515454,,0.07707345,0.12634277,pinhole,26.88000000,2047.50000000,8570.06027914,,fov_only_model_estimate
BW_20260723_165624_8433.jpg,BW,1784796985118,31327,314.00000000,314.00000000,172.08435059,11.43515454,,0.07707345,0.12634277,pinhole,26.88000000,2047.50000000,8570.06027914,,fov_only_model_estimate
BW_20260723_165624_8433.jpg,BW,1784796985118,31182,5.00000000,5.00000000,171.28784180,13.40521073,,0.09490603,0.10986328,pinhole,26.88000000,2047.50000000,8570.06027914,,fov_only_model_estimate
BW_20260723_165624_8433.jpg,BW,1784796985118,31310,78.00000000,78.00000000,171.99096680,12.94251658,,0.12064452,0.07690430,pinhole,26.88000000,2047.50000000,8570.06027914,,fov_only_model_estimate
BW_20260723_165643_8465.jpg,BW,1784797003529,31309,69.00000000,69.00000000,171.98547363,12.99965525,,0.16502081,0.12084961,pinhole,26.88000000,2047.50000000,8570.06027914,,fov_only_model_estimate
BW_20260723_165643_8465.jpg,BW,1784797003529,31325,312.00000000,312.00000000,172.07336426,11.44799954,,0.07706645,0.12634277,pinhole,26.88000000,2047.50000000,8570.06027914,,fov_only_model_estimate
BW_20260723_165643_8465.jpg,BW,1784797003529,31179,5.00000000,5.00000000,171.27136230,13.40521073,,0.08857663,0.10986328,pinhole,26.88000000,2047.50000000,8570.06027914,,fov_only_model_estimate
BW_20260723_165652_8481.jpg,BW,1784797012771,31327,313.00000000,313.00000000,172.08435059,11.44157719,,0.08349434,0.13183594,pinhole,26.88000000,2047.50000000,8570.06027914,,fov_only_model_estimate
BW_20260723_165652_8481.jpg,BW,1784797012771,31182,5.00000000,5.00000000,171.28784180,13.40521073,,0.08857663,0.10986328,pinhole,26.88000000,2047.50000000,8570.06027914,,fov_only_model_estimate
BW_20260723_165648_8474.jpg,BW,1784797008718,60683,1717.00000000,1717.00000000,333.34167480,2.20848809,,0.15353909,0.09887695,pinhole,26.88000000,2047.50000000,8570.06027914,,fov_only_model_estimate
BW_20260723_165702_8498.jpg,BW,1784797022527,28617,1588.00000000,1588.00000000,157.19787598,3.06908293,,0.08666494,0.09338379,pinhole,26.88000000,2047.50000000,8570.06027914,,fov_only_model_estimate
BW_20260723_165701_8497.jpg,BW,1784797021951,31327,314.00000000,314.00000000,172.08435059,11.43515454,,0.07707345,0.12634277,pinhole,26.88000000,2047.50000000,8570.06027914,,fov_only_model_estimate
BW_20260723_165701_8497.jpg,BW,1784797021951,31182,6.00000000,6.00000000,171.28784180,13.39888433,,0.09490603,0.10986328,pinhole,26.88000000,2047.50000000,8570.06027914,,fov_only_model_estimate
BW_20260723_165711_8513.jpg,BW,1784797031169,31327,313.00000000,313.00000000,172.08435059,11.44157719,,0.07706995,0.12634277,pinhole,26.88000000,2047.50000000,8570.06027914,,fov_only_model_estimate
BW_20260723_165711_8513.jpg,BW,1784797031169,31183,5.00000000,5.00000000,171.29333496,13.40521073,,0.08857663,0.10986328,pinhole,26.88000000,2047.50000000,8570.06027914,,fov_only_model_estimate
BW_20260723_165707_8506.jpg,BW,1784797027144,60684,1716.00000000,1716.00000000,333.34716797,2.21516370,,0.16021253,0.11535645,pinhole,26.88000000,2047.50000000,8570.06027914,,fov_only_model_estimate
BW_20260723_165720_8529.jpg,BW,1784797040384,31309,75.00000000,75.00000000,171.98547363,12.96156572,,0.17140718,0.11535645,pinhole,26.88000000,2047.50000000,8570.06027914,,fov_only_model_estimate
BW_20260723_165720_8529.jpg,BW,1784797040384,31183,6.00000000,6.00000000,171.29333496,13.39888433,,0.09490603,0.10986328,pinhole,26.88000000,2047.50000000,8570.06027914,,fov_only_model_estimate
BW_20260723_165720_8529.jpg,BW,1784797040384,31327,312.00000000,312.00000000,172.08435059,11.44799954,,0.07064585,0.12084961,pinhole,26.88000000,2047.50000000,8570.06027914,,fov_only_model_estimate
BW_20260723_165729_8545.jpg,BW,1784797049601,31181,5.00000000,5.00000000,171.28234863,13.40521073,,0.08857663,0.10437012,pinhole,26.88000000,2047.50000000,8570.06027914,,fov_only_model_estimate
BW_20260723_165729_8545.jpg,BW,1784797049601,31327,313.00000000,313.00000000,172.08435059,11.44157719,,0.07707345,0.12084961,pinhole,26.88000000,2047.50000000,8570.06027914,,fov_only_model_estimate
BW_20260723_165729_8545.jpg,BW,1784797049601,31310,78.00000000,78.00000000,171.99096680,12.94251658,,0.11429773,0.07141113,pinhole,26.88000000,2047.50000000,8570.06027914,,fov_only_model_estimate
BW_20260723_165738_8561.jpg,BW,1784797058818,31182,6.00000000,6.00000000,171.28784180,13.39888433,,0.09490603,0.10437012,pinhole,26.88000000,2047.50000000,8570.06027914,,fov_only_model_estimate
BW_20260723_165738_8561.jpg,BW,1784797058818,31327,314.00000000,314.00000000,172.08435059,11.43515454,,0.07707345,0.12084961,pinhole,26.88000000,2047.50000000,8570.06027914,,fov_only_model_estimate
BW_20260723_165743_8569.jpg,BW,1784797063431,63764,1792.00000000,1792.00000000,350.26611328,1.70765856,,0.12691174,0.15930176,pinhole,26.88000000,2047.50000000,8570.06027914,,fov_only_model_estimate
BW_20260723_165747_8577.jpg,BW,1784797068032,31328,315.00000000,315.00000000,172.08984375,11.42873161,,0.08992309,0.13183594,pinhole,26.88000000,2047.50000000,8570.06027914,,fov_only_model_estimate
BW_20260723_165747_8577.jpg,BW,1784797068032,31182,6.00000000,6.00000000,171.28784180,13.39888433,,0.09490603,0.10437012,pinhole,26.88000000,2047.50000000,8570.06027914,,fov_only_model_estimate
BW_20260723_165747_8577.jpg,BW,1784797068032,29142,2378.00000000,2378.00000000,160.08178711,-2.20848809,,0.05340469,0.09338379,pinhole,26.88000000,2047.50000000,8570.06027914,,fov_only_model_estimate
BW_20260723_165757_8593.jpg,BW,1784797077244,31310,80.00000000,80.00000000,171.99096680,12.92981553,,0.12701041,0.08239746,pinhole,26.88000000,2047.50000000,8570.06027914,,fov_only_model_estimate
BW_20260723_165757_8593.jpg,BW,1784797077244,31181,6.00000000,6.00000000,171.28234863,13.39888433,,0.10123576,0.10437012,pinhole,26.88000000,2047.50000000,8570.06027914,,fov_only_model_estimate
BW_20260723_165757_8593.jpg,BW,1784797077244,31327,314.00000000,314.00000000,172.08435059,11.43515454,,0.07065226,0.12084961,pinhole,26.88000000,2047.50000000,8570.06027914,,fov_only_model_estimate
BW_20260723_165806_8609.jpg,BW,1784797086461,31310,77.00000000,77.00000000,171.99096680,12.94886661,,0.12063837,0.07690430,pinhole,26.88000000,2047.50000000,8570.06027914,,fov_only_model_estimate
BW_20260723_165806_8609.jpg,BW,1784797086461,31181,5.00000000,5.00000000,171.28234863,13.40521073,,0.09490603,0.10437012,pinhole,26.88000000,2047.50000000,8570.06027914,,fov_only_model_estimate
BW_20260723_165806_8609.jpg,BW,1784797086461,31326,314.00000000,314.00000000,172.07885742,11.43515454,,0.07065226,0.12084961,pinhole,26.88000000,2047.50000000,8570.06027914,,fov_only_model_estimate
BW_20260723_165815_8625.jpg,BW,1784797095675,31310,77.00000000,77.00000000,171.99096680,12.94886661,,0.12064452,0.07690430,pinhole,26.88000000,2047.50000000,8570.06027914,,fov_only_model_estimate
BW_20260723_165815_8625.jpg,BW,1784797095675,31180,6.00000000,6.00000000,171.27685547,13.39888433,,0.09490603,0.10437012,pinhole,26.88000000,2047.50000000,8570.06027914,,fov_only_model_estimate
BW_20260723_165820_8634.jpg,BW,1784797100864,60683,1716.00000000,1716.00000000,333.34167480,2.21516370,,0.16021397,0.09887695,pinhole,26.88000000,2047.50000000,8570.06027914,,fov_only_model_estimate
BW_20260723_165824_8641.jpg,BW,1784797104892,31310,80.00000000,80.00000000,171.99096680,12.92981553,,0.12701041,0.07690430,pinhole,26.88000000,2047.50000000,8570.06027914,,fov_only_model_estimate
BW_20260723_165824_8641.jpg,BW,1784797104892,31181,7.00000000,7.00000000,171.28234863,13.39255759,,0.10756581,0.10437012,pinhole,26.88000000,2047.50000000,8570.06027914,,fov_only_model_estimate
BW_20260723_165829_8650.jpg,BW,1784797110080,60684,1717.00000000,1717.00000000,333.34716797,2.20848809,,0.16021542,0.10986328,pinhole,26.88000000,2047.50000000,8570.06027914,,fov_only_model_estimate
BW_20260723_165833_8657.jpg,BW,1784797114102,31310,80.00000000,80.00000000,171.99096680,12.92981553,,0.12701041,0.08239746,pinhole,26.88000000,2047.50000000,8570.06027914,,fov_only_model_estimate
BW_20260723_165833_8657.jpg,BW,1784797114102,31181,7.00000000,7.00000000,171.28234863,13.39255759,,0.10756581,0.10986328,pinhole,26.88000000,2047.50000000,8570.06027914,,fov_only_model_estimate
BW_20260723_165839_8666.jpg,BW,1784797119292,60684,1717.00000000,1717.00000000,333.34716797,2.20848809,,0.14686415,0.12634277,pinhole,26.88000000,2047.50000000,8570.06027914,,fov_only_model_estimate
BW_20260723_165843_8673.jpg,BW,1784797123316,31181,8.00000000,8.00000000,171.28234863,13.38623052,,0.13288936,0.10986328,pinhole,26.88000000,2047.50000000,8570.06027914,,fov_only_model_estimate
BW_20260723_165843_8673.jpg,BW,1784797123316,31326,316.00000000,316.00000000,172.07885742,11.42230838,,0.07065867,0.12634277,pinhole,26.88000000,2047.50000000,8570.06027914,,fov_only_model_estimate
BW_20260723_165847_8681.jpg,BW,1784797127931,62494,1786.00000000,1786.00000000,343.28979492,1.74773555,,0.08683192,0.13732910,pinhole,26.88000000,2047.50000000,8570.06027914,,fov_only_model_estimate
BW_20260723_165901_8705.jpg,BW,1784797141749,31310,78.00000000,78.00000000,171.99096680,12.94251658,,0.12699100,0.08239746,pinhole,26.88000000,2047.50000000,8570.06027914,,fov_only_model_estimate
BW_20260723_165857_8697.jpg,BW,1784797137147,61614,2377.00000000,2377.00000000,338.45581055,-2.20181241,,0.13351527,0.19226074,pinhole,26.88000000,2047.50000000,8570.06027914,,fov_only_model_estimate
BW_20260723_165852_8689.jpg,BW,1784797132533,31181,6.00000000,6.00000000,171.28234863,13.39888433,,0.10123576,0.10437012,pinhole,26.88000000,2047.50000000,8570.06027914,,fov_only_model_estimate
BW_20260723_165910_8721.jpg,BW,1784797150963,31310,62.00000000,62.00000000,171.99096680,13.04407827,,0.19669000,0.15380859,pinhole,26.88000000,2047.50000000,8570.06027914,,fov_only_model_estimate
BW_20260723_165906_8713.jpg,BW,1784797146359,63763,1794.00000000,1794.00000000,350.26062012,1.69429919,,0.14027281,0.17028809,pinhole,26.88000000,2047.50000000,8570.06027914,,fov_only_model_estimate
BW_20260723_165906_8714.jpg,BW,1784797146937,60684,1717.00000000,1717.00000000,333.34716797,2.20848809,,0.15353909,0.10437012,pinhole,26.88000000,2047.50000000,8570.06027914,,fov_only_model_estimate
BW_20260723_165920_8737.jpg,BW,1784797160174,31311,68.00000000,68.00000000,171.99645996,13.00600237,,0.12058290,0.08789062,pinhole,26.88000000,2047.50000000,8570.06027914,,fov_only_model_estimate
BW_20260723_165920_8737.jpg,BW,1784797160174,31328,309.00000000,309.00000000,172.08984375,11.46726484,,0.08347917,0.12634277,pinhole,26.88000000,2047.50000000,8570.06027914,,fov_only_model_estimate
BW_20260723_165915_8729.jpg,BW,1784797155573,63763,1794.00000000,1794.00000000,350.26062012,1.69429919,,0.14695195,0.17028809,pinhole,26.88000000,2047.50000000,8570.06027914,,fov_only_model_estimate
BW_20260723_165925_8746.jpg,BW,1784797165363,60683,1716.00000000,1716.00000000,333.34167480,2.21516370,,0.16021397,0.10437012,pinhole,26.88000000,2047.50000000,8570.06027914,,fov_only_model_estimate
BW_20260723_165924_8745.jpg,BW,1784797164788,63763,1794.00000000,1794.00000000,350.26062012,1.69429919,,0.14027281,0.17028809,pinhole,26.88000000,2047.50000000,8570.06027914,,fov_only_model_estimate
BW_20260723_165929_8753.jpg,BW,1784797169388,31311,74.00000000,74.00000000,171.99645996,12.96791478,,0.10157726,0.06042480,pinhole,26.88000000,2047.50000000,8570.06027914,,fov_only_model_estimate
BW_20260723_165938_8769.jpg,BW,1784797178602,31310,73.00000000,73.00000000,171.99096680,12.97426353,,0.16504612,0.10986328,pinhole,26.88000000,2047.50000000,8570.06027914,,fov_only_model_estimate
BW_20260723_165938_8769.jpg,BW,1784797178602,31326,312.00000000,312.00000000,172.07885742,11.44799954,,0.07706645,0.12634277,pinhole,26.88000000,2047.50000000,8570.06027914,,fov_only_model_estimate
BW_20260723_165934_8762.jpg,BW,1784797174579,60684,1717.00000000,1717.00000000,333.34716797,2.20848809,,0.16021542,0.11535645,pinhole,26.88000000,2047.50000000,8570.06027914,,fov_only_model_estimate
BW_20260723_165947_8785.jpg,BW,1784797187815,31327,315.00000000,315.00000000,172.08435059,11.42873161,,0.08350191,0.13183594,pinhole,26.88000000,2047.50000000,8570.06027914,,fov_only_model_estimate
BW_20260723_165947_8785.jpg,BW,1784797187815,31181,5.00000000,5.00000000,171.28234863,13.40521073,,0.08857663,0.10437012,pinhole,26.88000000,2047.50000000,8570.06027914,,fov_only_model_estimate
BW_20260723_165947_8785.jpg,BW,1784797187815,31311,78.00000000,78.00000000,171.99645996,12.94251658,,0.10794511,0.07141113,pinhole,26.88000000,2047.50000000,8570.06027914,,fov_only_model_estimate
BW_20260723_165956_8801.jpg,BW,1784797197030,31311,74.00000000,74.00000000,171.99645996,12.96791478,,0.11427441,0.07141113,pinhole,26.88000000,2047.50000000,8570.06027914,,fov_only_model_estimate
BW_20260723_165952_8794.jpg,BW,1784797193005,60684,1717.00000000,1717.00000000,333.34716797,2.20848809,,0.16021542,0.11535645,pinhole,26.88000000,2047.50000000,8570.06027914,,fov_only_model_estimate
BW_20260723_165952_8793.jpg,BW,1784797192428,63764,1792.00000000,1792.00000000,350.26611328,1.70765856,,0.12023176,0.15930176,pinhole,26.88000000,2047.50000000,8570.06027914,,fov_only_model_estimate
